training/sport/team-sports-house-would-move-2022-football-world-cup-winter/pro/pro02a-point.txt	training/sport/team-sports-house-would-move-2022-football-world-cup-winter/pro/pro02b-counter.txt	true	true	true	true
training/sport/team-sports-house-would-move-2022-football-world-cup-winter/pro/pro02a-point.txt	training/sport/team-sports-house-would-move-2022-football-world-cup-winter/pro/pro03b-counter.txt	false	debate-same-counter	true	true
training/sport/team-sports-house-would-move-2022-football-world-cup-winter/pro/pro02a-point.txt	training/sport/team-sports-house-would-move-2022-football-world-cup-winter/pro/pro01b-counter.txt	false	debate-same-counter	true	true
training/sport/team-sports-house-would-move-2022-football-world-cup-winter/pro/pro03a-point.txt	training/sport/team-sports-house-would-move-2022-football-world-cup-winter/pro/pro03b-counter.txt	true	true	true	true
training/sport/team-sports-house-would-move-2022-football-world-cup-winter/pro/pro03a-point.txt	training/sport/team-sports-house-would-move-2022-football-world-cup-winter/pro/pro02b-counter.txt	false	debate-same-counter	true	true
training/sport/team-sports-house-would-move-2022-football-world-cup-winter/pro/pro03a-point.txt	training/sport/team-sports-house-would-move-2022-football-world-cup-winter/pro/pro01b-counter.txt	false	debate-same-counter	true	true
training/sport/team-sports-house-would-move-2022-football-world-cup-winter/pro/pro01a-point.txt	training/sport/team-sports-house-would-move-2022-football-world-cup-winter/pro/pro01b-counter.txt	true	true	true	true
training/sport/team-sports-house-would-move-2022-football-world-cup-winter/pro/pro01a-point.txt	training/sport/team-sports-house-would-move-2022-football-world-cup-winter/pro/pro02b-counter.txt	false	debate-same-counter	true	true
training/sport/team-sports-house-would-move-2022-football-world-cup-winter/pro/pro01a-point.txt	training/sport/team-sports-house-would-move-2022-football-world-cup-winter/pro/pro03b-counter.txt	false	debate-same-counter	true	true
training/sport/team-sports-house-would-move-2022-football-world-cup-winter/con/con02a-point.txt	training/sport/team-sports-house-would-move-2022-football-world-cup-winter/con/con02b-counter.txt	true	true	true	true
training/sport/team-sports-house-would-move-2022-football-world-cup-winter/con/con02a-point.txt	training/sport/team-sports-house-would-move-2022-football-world-cup-winter/con/con01b-counter.txt	false	debate-same-counter	true	true
training/sport/team-sports-house-would-move-2022-football-world-cup-winter/con/con02a-point.txt	training/sport/team-sports-house-would-move-2022-football-world-cup-winter/con/con03b-counter.txt	false	debate-same-counter	true	true
training/sport/team-sports-house-would-move-2022-football-world-cup-winter/con/con01a-point.txt	training/sport/team-sports-house-would-move-2022-football-world-cup-winter/con/con01b-counter.txt	true	true	true	true
training/sport/team-sports-house-would-move-2022-football-world-cup-winter/con/con01a-point.txt	training/sport/team-sports-house-would-move-2022-football-world-cup-winter/con/con03b-counter.txt	false	debate-same-counter	true	true
training/sport/team-sports-house-would-move-2022-football-world-cup-winter/con/con01a-point.txt	training/sport/team-sports-house-would-move-2022-football-world-cup-winter/con/con02b-counter.txt	false	debate-same-counter	true	true
training/sport/team-sports-house-would-move-2022-football-world-cup-winter/con/con03a-point.txt	training/sport/team-sports-house-would-move-2022-football-world-cup-winter/con/con03b-counter.txt	true	true	true	true
training/sport/team-sports-house-would-move-2022-football-world-cup-winter/con/con03a-point.txt	training/sport/team-sports-house-would-move-2022-football-world-cup-winter/con/con01b-counter.txt	false	debate-same-counter	true	true
training/sport/team-sports-house-would-move-2022-football-world-cup-winter/con/con03a-point.txt	training/sport/team-sports-house-would-move-2022-football-world-cup-winter/con/con02b-counter.txt	false	debate-same-counter	true	true
training/sport/team-sports-house-would-implement-playoffs-collegiate-level-american-football/pro/pro02a-point.txt	training/sport/team-sports-house-would-implement-playoffs-collegiate-level-american-football/pro/pro02b-counter.txt	true	true	true	true
training/sport/team-sports-house-would-implement-playoffs-collegiate-level-american-football/pro/pro02a-point.txt	training/sport/team-sports-house-would-implement-playoffs-collegiate-level-american-football/pro/pro03b-counter.txt	false	debate-same-counter	true	true
training/sport/team-sports-house-would-implement-playoffs-collegiate-level-american-football/pro/pro02a-point.txt	training/sport/team-sports-house-would-implement-playoffs-collegiate-level-american-football/pro/pro01b-counter.txt	false	debate-same-counter	true	true
training/sport/team-sports-house-would-implement-playoffs-collegiate-level-american-football/pro/pro03a-point.txt	training/sport/team-sports-house-would-implement-playoffs-collegiate-level-american-football/pro/pro03b-counter.txt	true	true	true	true
training/sport/team-sports-house-would-implement-playoffs-collegiate-level-american-football/pro/pro03a-point.txt	training/sport/team-sports-house-would-implement-playoffs-collegiate-level-american-football/pro/pro02b-counter.txt	false	debate-same-counter	true	true
training/sport/team-sports-house-would-implement-playoffs-collegiate-level-american-football/pro/pro03a-point.txt	training/sport/team-sports-house-would-implement-playoffs-collegiate-level-american-football/pro/pro01b-counter.txt	false	debate-same-counter	true	true
training/sport/team-sports-house-would-implement-playoffs-collegiate-level-american-football/pro/pro01a-point.txt	training/sport/team-sports-house-would-implement-playoffs-collegiate-level-american-football/pro/pro01b-counter.txt	true	true	true	true
training/sport/team-sports-house-would-implement-playoffs-collegiate-level-american-football/pro/pro01a-point.txt	training/sport/team-sports-house-would-implement-playoffs-collegiate-level-american-football/pro/pro02b-counter.txt	false	debate-same-counter	true	true
training/sport/team-sports-house-would-implement-playoffs-collegiate-level-american-football/pro/pro01a-point.txt	training/sport/team-sports-house-would-implement-playoffs-collegiate-level-american-football/pro/pro03b-counter.txt	false	debate-same-counter	true	true
training/sport/team-sports-house-would-implement-playoffs-collegiate-level-american-football/con/con02a-point.txt	training/sport/team-sports-house-would-implement-playoffs-collegiate-level-american-football/con/con02b-counter.txt	true	true	true	true
training/sport/team-sports-house-would-implement-playoffs-collegiate-level-american-football/con/con02a-point.txt	training/sport/team-sports-house-would-implement-playoffs-collegiate-level-american-football/con/con01b-counter.txt	false	debate-same-counter	true	true
training/sport/team-sports-house-would-implement-playoffs-collegiate-level-american-football/con/con02a-point.txt	training/sport/team-sports-house-would-implement-playoffs-collegiate-level-american-football/con/con03b-counter.txt	false	debate-same-counter	true	true
training/sport/team-sports-house-would-implement-playoffs-collegiate-level-american-football/con/con01a-point.txt	training/sport/team-sports-house-would-implement-playoffs-collegiate-level-american-football/con/con01b-counter.txt	true	true	true	true
training/sport/team-sports-house-would-implement-playoffs-collegiate-level-american-football/con/con01a-point.txt	training/sport/team-sports-house-would-implement-playoffs-collegiate-level-american-football/con/con03b-counter.txt	false	debate-same-counter	true	true
training/sport/team-sports-house-would-implement-playoffs-collegiate-level-american-football/con/con01a-point.txt	training/sport/team-sports-house-would-implement-playoffs-collegiate-level-american-football/con/con02b-counter.txt	false	debate-same-counter	true	true
training/sport/team-sports-house-would-implement-playoffs-collegiate-level-american-football/con/con03a-point.txt	training/sport/team-sports-house-would-implement-playoffs-collegiate-level-american-football/con/con03b-counter.txt	true	true	true	true
training/sport/team-sports-house-would-implement-playoffs-collegiate-level-american-football/con/con03a-point.txt	training/sport/team-sports-house-would-implement-playoffs-collegiate-level-american-football/con/con01b-counter.txt	false	debate-same-counter	true	true
training/sport/team-sports-house-would-implement-playoffs-collegiate-level-american-football/con/con03a-point.txt	training/sport/team-sports-house-would-implement-playoffs-collegiate-level-american-football/con/con02b-counter.txt	false	debate-same-counter	true	true
training/sport/team-sports-house-believes-instant-replay-should-be-used-major-league-baseball/pro/pro02a-point.txt	training/sport/team-sports-house-believes-instant-replay-should-be-used-major-league-baseball/pro/pro02b-counter.txt	true	true	true	true
training/sport/team-sports-house-believes-instant-replay-should-be-used-major-league-baseball/pro/pro02a-point.txt	training/sport/team-sports-house-believes-instant-replay-should-be-used-major-league-baseball/pro/pro05b-counter.txt	false	debate-same-counter	true	true
training/sport/team-sports-house-believes-instant-replay-should-be-used-major-league-baseball/pro/pro02a-point.txt	training/sport/team-sports-house-believes-instant-replay-should-be-used-major-league-baseball/pro/pro04b-counter.txt	false	debate-same-counter	true	true
training/sport/team-sports-house-believes-instant-replay-should-be-used-major-league-baseball/pro/pro02a-point.txt	training/sport/team-sports-house-believes-instant-replay-should-be-used-major-league-baseball/pro/pro03b-counter.txt	false	debate-same-counter	true	true
training/sport/team-sports-house-believes-instant-replay-should-be-used-major-league-baseball/pro/pro02a-point.txt	training/sport/team-sports-house-believes-instant-replay-should-be-used-major-league-baseball/pro/pro01b-counter.txt	false	debate-same-counter	true	true
training/sport/team-sports-house-believes-instant-replay-should-be-used-major-league-baseball/pro/pro05a-point.txt	training/sport/team-sports-house-believes-instant-replay-should-be-used-major-league-baseball/pro/pro05b-counter.txt	true	true	true	true
training/sport/team-sports-house-believes-instant-replay-should-be-used-major-league-baseball/pro/pro05a-point.txt	training/sport/team-sports-house-believes-instant-replay-should-be-used-major-league-baseball/pro/pro02b-counter.txt	false	debate-same-counter	true	true
training/sport/team-sports-house-believes-instant-replay-should-be-used-major-league-baseball/pro/pro05a-point.txt	training/sport/team-sports-house-believes-instant-replay-should-be-used-major-league-baseball/pro/pro04b-counter.txt	false	debate-same-counter	true	true
training/sport/team-sports-house-believes-instant-replay-should-be-used-major-league-baseball/pro/pro05a-point.txt	training/sport/team-sports-house-believes-instant-replay-should-be-used-major-league-baseball/pro/pro03b-counter.txt	false	debate-same-counter	true	true
training/sport/team-sports-house-believes-instant-replay-should-be-used-major-league-baseball/pro/pro05a-point.txt	training/sport/team-sports-house-believes-instant-replay-should-be-used-major-league-baseball/pro/pro01b-counter.txt	false	debate-same-counter	true	true
training/sport/team-sports-house-believes-instant-replay-should-be-used-major-league-baseball/pro/pro03a-point.txt	training/sport/team-sports-house-believes-instant-replay-should-be-used-major-league-baseball/pro/pro03b-counter.txt	true	true	true	true
training/sport/team-sports-house-believes-instant-replay-should-be-used-major-league-baseball/pro/pro03a-point.txt	training/sport/team-sports-house-believes-instant-replay-should-be-used-major-league-baseball/pro/pro02b-counter.txt	false	debate-same-counter	true	true
training/sport/team-sports-house-believes-instant-replay-should-be-used-major-league-baseball/pro/pro03a-point.txt	training/sport/team-sports-house-believes-instant-replay-should-be-used-major-league-baseball/pro/pro05b-counter.txt	false	debate-same-counter	true	true
training/sport/team-sports-house-believes-instant-replay-should-be-used-major-league-baseball/pro/pro03a-point.txt	training/sport/team-sports-house-believes-instant-replay-should-be-used-major-league-baseball/pro/pro04b-counter.txt	false	debate-same-counter	true	true
training/sport/team-sports-house-believes-instant-replay-should-be-used-major-league-baseball/pro/pro03a-point.txt	training/sport/team-sports-house-believes-instant-replay-should-be-used-major-league-baseball/pro/pro01b-counter.txt	false	debate-same-counter	true	true
training/sport/team-sports-house-believes-instant-replay-should-be-used-major-league-baseball/pro/pro01a-point.txt	training/sport/team-sports-house-believes-instant-replay-should-be-used-major-league-baseball/pro/pro01b-counter.txt	true	true	true	true
training/sport/team-sports-house-believes-instant-replay-should-be-used-major-league-baseball/pro/pro01a-point.txt	training/sport/team-sports-house-believes-instant-replay-should-be-used-major-league-baseball/pro/pro02b-counter.txt	false	debate-same-counter	true	true
training/sport/team-sports-house-believes-instant-replay-should-be-used-major-league-baseball/pro/pro01a-point.txt	training/sport/team-sports-house-believes-instant-replay-should-be-used-major-league-baseball/pro/pro05b-counter.txt	false	debate-same-counter	true	true
training/sport/team-sports-house-believes-instant-replay-should-be-used-major-league-baseball/pro/pro01a-point.txt	training/sport/team-sports-house-believes-instant-replay-should-be-used-major-league-baseball/pro/pro04b-counter.txt	false	debate-same-counter	true	true
training/sport/team-sports-house-believes-instant-replay-should-be-used-major-league-baseball/pro/pro01a-point.txt	training/sport/team-sports-house-believes-instant-replay-should-be-used-major-league-baseball/pro/pro03b-counter.txt	false	debate-same-counter	true	true
training/sport/team-sports-house-believes-instant-replay-should-be-used-major-league-baseball/pro/pro04a-point.txt	training/sport/team-sports-house-believes-instant-replay-should-be-used-major-league-baseball/pro/pro04b-counter.txt	true	true	true	true
training/sport/team-sports-house-believes-instant-replay-should-be-used-major-league-baseball/pro/pro04a-point.txt	training/sport/team-sports-house-believes-instant-replay-should-be-used-major-league-baseball/pro/pro02b-counter.txt	false	debate-same-counter	true	true
training/sport/team-sports-house-believes-instant-replay-should-be-used-major-league-baseball/pro/pro04a-point.txt	training/sport/team-sports-house-believes-instant-replay-should-be-used-major-league-baseball/pro/pro05b-counter.txt	false	debate-same-counter	true	true
training/sport/team-sports-house-believes-instant-replay-should-be-used-major-league-baseball/pro/pro04a-point.txt	training/sport/team-sports-house-believes-instant-replay-should-be-used-major-league-baseball/pro/pro03b-counter.txt	false	debate-same-counter	true	true
training/sport/team-sports-house-believes-instant-replay-should-be-used-major-league-baseball/pro/pro04a-point.txt	training/sport/team-sports-house-believes-instant-replay-should-be-used-major-league-baseball/pro/pro01b-counter.txt	false	debate-same-counter	true	true
training/sport/team-sports-house-believes-instant-replay-should-be-used-major-league-baseball/con/con05a-point.txt	training/sport/team-sports-house-believes-instant-replay-should-be-used-major-league-baseball/con/con05b-counter.txt	true	true	true	true
training/sport/team-sports-house-believes-instant-replay-should-be-used-major-league-baseball/con/con05a-point.txt	training/sport/team-sports-house-believes-instant-replay-should-be-used-major-league-baseball/con/con01b-counter.txt	false	debate-same-counter	true	true
training/sport/team-sports-house-believes-instant-replay-should-be-used-major-league-baseball/con/con05a-point.txt	training/sport/team-sports-house-believes-instant-replay-should-be-used-major-league-baseball/con/con04b-counter.txt	false	debate-same-counter	true	true
training/sport/team-sports-house-believes-instant-replay-should-be-used-major-league-baseball/con/con05a-point.txt	training/sport/team-sports-house-believes-instant-replay-should-be-used-major-league-baseball/con/con03b-counter.txt	false	debate-same-counter	true	true
training/sport/team-sports-house-believes-instant-replay-should-be-used-major-league-baseball/con/con05a-point.txt	training/sport/team-sports-house-believes-instant-replay-should-be-used-major-league-baseball/con/con02b-counter.txt	false	debate-same-counter	true	true
training/sport/team-sports-house-believes-instant-replay-should-be-used-major-league-baseball/con/con02a-point.txt	training/sport/team-sports-house-believes-instant-replay-should-be-used-major-league-baseball/con/con02b-counter.txt	true	true	true	true
training/sport/team-sports-house-believes-instant-replay-should-be-used-major-league-baseball/con/con02a-point.txt	training/sport/team-sports-house-believes-instant-replay-should-be-used-major-league-baseball/con/con01b-counter.txt	false	debate-same-counter	true	true
training/sport/team-sports-house-believes-instant-replay-should-be-used-major-league-baseball/con/con02a-point.txt	training/sport/team-sports-house-believes-instant-replay-should-be-used-major-league-baseball/con/con04b-counter.txt	false	debate-same-counter	true	true
training/sport/team-sports-house-believes-instant-replay-should-be-used-major-league-baseball/con/con02a-point.txt	training/sport/team-sports-house-believes-instant-replay-should-be-used-major-league-baseball/con/con03b-counter.txt	false	debate-same-counter	true	true
training/sport/team-sports-house-believes-instant-replay-should-be-used-major-league-baseball/con/con02a-point.txt	training/sport/team-sports-house-believes-instant-replay-should-be-used-major-league-baseball/con/con05b-counter.txt	false	debate-same-counter	true	true
training/sport/team-sports-house-believes-instant-replay-should-be-used-major-league-baseball/con/con04a-point.txt	training/sport/team-sports-house-believes-instant-replay-should-be-used-major-league-baseball/con/con04b-counter.txt	true	true	true	true
training/sport/team-sports-house-believes-instant-replay-should-be-used-major-league-baseball/con/con04a-point.txt	training/sport/team-sports-house-believes-instant-replay-should-be-used-major-league-baseball/con/con01b-counter.txt	false	debate-same-counter	true	true
training/sport/team-sports-house-believes-instant-replay-should-be-used-major-league-baseball/con/con04a-point.txt	training/sport/team-sports-house-believes-instant-replay-should-be-used-major-league-baseball/con/con03b-counter.txt	false	debate-same-counter	true	true
training/sport/team-sports-house-believes-instant-replay-should-be-used-major-league-baseball/con/con04a-point.txt	training/sport/team-sports-house-believes-instant-replay-should-be-used-major-league-baseball/con/con02b-counter.txt	false	debate-same-counter	true	true
training/sport/team-sports-house-believes-instant-replay-should-be-used-major-league-baseball/con/con04a-point.txt	training/sport/team-sports-house-believes-instant-replay-should-be-used-major-league-baseball/con/con05b-counter.txt	false	debate-same-counter	true	true
training/sport/team-sports-house-believes-instant-replay-should-be-used-major-league-baseball/con/con01a-point.txt	training/sport/team-sports-house-believes-instant-replay-should-be-used-major-league-baseball/con/con01b-counter.txt	true	true	true	true
training/sport/team-sports-house-believes-instant-replay-should-be-used-major-league-baseball/con/con01a-point.txt	training/sport/team-sports-house-believes-instant-replay-should-be-used-major-league-baseball/con/con04b-counter.txt	false	debate-same-counter	true	true
training/sport/team-sports-house-believes-instant-replay-should-be-used-major-league-baseball/con/con01a-point.txt	training/sport/team-sports-house-believes-instant-replay-should-be-used-major-league-baseball/con/con03b-counter.txt	false	debate-same-counter	true	true
training/sport/team-sports-house-believes-instant-replay-should-be-used-major-league-baseball/con/con01a-point.txt	training/sport/team-sports-house-believes-instant-replay-should-be-used-major-league-baseball/con/con02b-counter.txt	false	debate-same-counter	true	true
training/sport/team-sports-house-believes-instant-replay-should-be-used-major-league-baseball/con/con01a-point.txt	training/sport/team-sports-house-believes-instant-replay-should-be-used-major-league-baseball/con/con05b-counter.txt	false	debate-same-counter	true	true
training/sport/team-sports-house-believes-instant-replay-should-be-used-major-league-baseball/con/con03a-point.txt	training/sport/team-sports-house-believes-instant-replay-should-be-used-major-league-baseball/con/con03b-counter.txt	true	true	true	true
training/sport/team-sports-house-believes-instant-replay-should-be-used-major-league-baseball/con/con03a-point.txt	training/sport/team-sports-house-believes-instant-replay-should-be-used-major-league-baseball/con/con01b-counter.txt	false	debate-same-counter	true	true
training/sport/team-sports-house-believes-instant-replay-should-be-used-major-league-baseball/con/con03a-point.txt	training/sport/team-sports-house-believes-instant-replay-should-be-used-major-league-baseball/con/con04b-counter.txt	false	debate-same-counter	true	true
training/sport/team-sports-house-believes-instant-replay-should-be-used-major-league-baseball/con/con03a-point.txt	training/sport/team-sports-house-believes-instant-replay-should-be-used-major-league-baseball/con/con02b-counter.txt	false	debate-same-counter	true	true
training/sport/team-sports-house-believes-instant-replay-should-be-used-major-league-baseball/con/con03a-point.txt	training/sport/team-sports-house-believes-instant-replay-should-be-used-major-league-baseball/con/con05b-counter.txt	false	debate-same-counter	true	true
training/sport/team-sports-house-would-introduce-goal-line-technology-football/pro/pro02a-point.txt	training/sport/team-sports-house-would-introduce-goal-line-technology-football/pro/pro02b-counter.txt	true	true	true	true
training/sport/team-sports-house-would-introduce-goal-line-technology-football/pro/pro02a-point.txt	training/sport/team-sports-house-would-introduce-goal-line-technology-football/pro/pro04b-counter.txt	false	debate-same-counter	true	true
training/sport/team-sports-house-would-introduce-goal-line-technology-football/pro/pro02a-point.txt	training/sport/team-sports-house-would-introduce-goal-line-technology-football/pro/pro03b-counter.txt	false	debate-same-counter	true	true
training/sport/team-sports-house-would-introduce-goal-line-technology-football/pro/pro02a-point.txt	training/sport/team-sports-house-would-introduce-goal-line-technology-football/pro/pro01b-counter.txt	false	debate-same-counter	true	true
training/sport/team-sports-house-would-introduce-goal-line-technology-football/pro/pro03a-point.txt	training/sport/team-sports-house-would-introduce-goal-line-technology-football/pro/pro03b-counter.txt	true	true	true	true
training/sport/team-sports-house-would-introduce-goal-line-technology-football/pro/pro03a-point.txt	training/sport/team-sports-house-would-introduce-goal-line-technology-football/pro/pro02b-counter.txt	false	debate-same-counter	true	true
training/sport/team-sports-house-would-introduce-goal-line-technology-football/pro/pro03a-point.txt	training/sport/team-sports-house-would-introduce-goal-line-technology-football/pro/pro04b-counter.txt	false	debate-same-counter	true	true
training/sport/team-sports-house-would-introduce-goal-line-technology-football/pro/pro03a-point.txt	training/sport/team-sports-house-would-introduce-goal-line-technology-football/pro/pro01b-counter.txt	false	debate-same-counter	true	true
training/sport/team-sports-house-would-introduce-goal-line-technology-football/pro/pro01a-point.txt	training/sport/team-sports-house-would-introduce-goal-line-technology-football/pro/pro01b-counter.txt	true	true	true	true
training/sport/team-sports-house-would-introduce-goal-line-technology-football/pro/pro01a-point.txt	training/sport/team-sports-house-would-introduce-goal-line-technology-football/pro/pro02b-counter.txt	false	debate-same-counter	true	true
training/sport/team-sports-house-would-introduce-goal-line-technology-football/pro/pro01a-point.txt	training/sport/team-sports-house-would-introduce-goal-line-technology-football/pro/pro04b-counter.txt	false	debate-same-counter	true	true
training/sport/team-sports-house-would-introduce-goal-line-technology-football/pro/pro01a-point.txt	training/sport/team-sports-house-would-introduce-goal-line-technology-football/pro/pro03b-counter.txt	false	debate-same-counter	true	true
training/sport/team-sports-house-would-introduce-goal-line-technology-football/pro/pro04a-point.txt	training/sport/team-sports-house-would-introduce-goal-line-technology-football/pro/pro04b-counter.txt	true	true	true	true
training/sport/team-sports-house-would-introduce-goal-line-technology-football/pro/pro04a-point.txt	training/sport/team-sports-house-would-introduce-goal-line-technology-football/pro/pro02b-counter.txt	false	debate-same-counter	true	true
training/sport/team-sports-house-would-introduce-goal-line-technology-football/pro/pro04a-point.txt	training/sport/team-sports-house-would-introduce-goal-line-technology-football/pro/pro03b-counter.txt	false	debate-same-counter	true	true
training/sport/team-sports-house-would-introduce-goal-line-technology-football/pro/pro04a-point.txt	training/sport/team-sports-house-would-introduce-goal-line-technology-football/pro/pro01b-counter.txt	false	debate-same-counter	true	true
training/sport/team-sports-house-would-introduce-goal-line-technology-football/con/con02a-point.txt	training/sport/team-sports-house-would-introduce-goal-line-technology-football/con/con02b-counter.txt	true	true	true	true
training/sport/team-sports-house-would-introduce-goal-line-technology-football/con/con02a-point.txt	training/sport/team-sports-house-would-introduce-goal-line-technology-football/con/con01b-counter.txt	false	debate-same-counter	true	true
training/sport/team-sports-house-would-introduce-goal-line-technology-football/con/con02a-point.txt	training/sport/team-sports-house-would-introduce-goal-line-technology-football/con/con04b-counter.txt	false	debate-same-counter	true	true
training/sport/team-sports-house-would-introduce-goal-line-technology-football/con/con02a-point.txt	training/sport/team-sports-house-would-introduce-goal-line-technology-football/con/con03b-counter.txt	false	debate-same-counter	true	true
training/sport/team-sports-house-would-introduce-goal-line-technology-football/con/con04a-point.txt	training/sport/team-sports-house-would-introduce-goal-line-technology-football/con/con04b-counter.txt	true	true	true	true
training/sport/team-sports-house-would-introduce-goal-line-technology-football/con/con04a-point.txt	training/sport/team-sports-house-would-introduce-goal-line-technology-football/con/con01b-counter.txt	false	debate-same-counter	true	true
training/sport/team-sports-house-would-introduce-goal-line-technology-football/con/con04a-point.txt	training/sport/team-sports-house-would-introduce-goal-line-technology-football/con/con03b-counter.txt	false	debate-same-counter	true	true
training/sport/team-sports-house-would-introduce-goal-line-technology-football/con/con04a-point.txt	training/sport/team-sports-house-would-introduce-goal-line-technology-football/con/con02b-counter.txt	false	debate-same-counter	true	true
training/sport/team-sports-house-would-introduce-goal-line-technology-football/con/con01a-point.txt	training/sport/team-sports-house-would-introduce-goal-line-technology-football/con/con01b-counter.txt	true	true	true	true
training/sport/team-sports-house-would-introduce-goal-line-technology-football/con/con01a-point.txt	training/sport/team-sports-house-would-introduce-goal-line-technology-football/con/con04b-counter.txt	false	debate-same-counter	true	true
training/sport/team-sports-house-would-introduce-goal-line-technology-football/con/con01a-point.txt	training/sport/team-sports-house-would-introduce-goal-line-technology-football/con/con03b-counter.txt	false	debate-same-counter	true	true
training/sport/team-sports-house-would-introduce-goal-line-technology-football/con/con01a-point.txt	training/sport/team-sports-house-would-introduce-goal-line-technology-football/con/con02b-counter.txt	false	debate-same-counter	true	true
training/sport/team-sports-house-would-introduce-goal-line-technology-football/con/con03a-point.txt	training/sport/team-sports-house-would-introduce-goal-line-technology-football/con/con03b-counter.txt	true	true	true	true
training/sport/team-sports-house-would-introduce-goal-line-technology-football/con/con03a-point.txt	training/sport/team-sports-house-would-introduce-goal-line-technology-football/con/con01b-counter.txt	false	debate-same-counter	true	true
training/sport/team-sports-house-would-introduce-goal-line-technology-football/con/con03a-point.txt	training/sport/team-sports-house-would-introduce-goal-line-technology-football/con/con04b-counter.txt	false	debate-same-counter	true	true
training/sport/team-sports-house-would-introduce-goal-line-technology-football/con/con03a-point.txt	training/sport/team-sports-house-would-introduce-goal-line-technology-football/con/con02b-counter.txt	false	debate-same-counter	true	true
training/sport/e-health-crime-policing-science-sport-olympics-house-would-permit-use-performance/pro/pro02a-point.txt	training/sport/e-health-crime-policing-science-sport-olympics-house-would-permit-use-performance/pro/pro02b-counter.txt	true	true	true	true
training/sport/e-health-crime-policing-science-sport-olympics-house-would-permit-use-performance/pro/pro02a-point.txt	training/sport/e-health-crime-policing-science-sport-olympics-house-would-permit-use-performance/pro/pro04b-counter.txt	false	debate-same-counter	true	true
training/sport/e-health-crime-policing-science-sport-olympics-house-would-permit-use-performance/pro/pro02a-point.txt	training/sport/e-health-crime-policing-science-sport-olympics-house-would-permit-use-performance/pro/pro03b-counter.txt	false	debate-same-counter	true	true
training/sport/e-health-crime-policing-science-sport-olympics-house-would-permit-use-performance/pro/pro02a-point.txt	training/sport/e-health-crime-policing-science-sport-olympics-house-would-permit-use-performance/pro/pro01b-counter.txt	false	debate-same-counter	true	true
training/sport/e-health-crime-policing-science-sport-olympics-house-would-permit-use-performance/pro/pro03a-point.txt	training/sport/e-health-crime-policing-science-sport-olympics-house-would-permit-use-performance/pro/pro03b-counter.txt	true	true	true	true
training/sport/e-health-crime-policing-science-sport-olympics-house-would-permit-use-performance/pro/pro03a-point.txt	training/sport/e-health-crime-policing-science-sport-olympics-house-would-permit-use-performance/pro/pro02b-counter.txt	false	debate-same-counter	true	true
training/sport/e-health-crime-policing-science-sport-olympics-house-would-permit-use-performance/pro/pro03a-point.txt	training/sport/e-health-crime-policing-science-sport-olympics-house-would-permit-use-performance/pro/pro04b-counter.txt	false	debate-same-counter	true	true
training/sport/e-health-crime-policing-science-sport-olympics-house-would-permit-use-performance/pro/pro03a-point.txt	training/sport/e-health-crime-policing-science-sport-olympics-house-would-permit-use-performance/pro/pro01b-counter.txt	false	debate-same-counter	true	true
training/sport/e-health-crime-policing-science-sport-olympics-house-would-permit-use-performance/pro/pro01a-point.txt	training/sport/e-health-crime-policing-science-sport-olympics-house-would-permit-use-performance/pro/pro01b-counter.txt	true	true	true	true
training/sport/e-health-crime-policing-science-sport-olympics-house-would-permit-use-performance/pro/pro01a-point.txt	training/sport/e-health-crime-policing-science-sport-olympics-house-would-permit-use-performance/pro/pro02b-counter.txt	false	debate-same-counter	true	true
training/sport/e-health-crime-policing-science-sport-olympics-house-would-permit-use-performance/pro/pro01a-point.txt	training/sport/e-health-crime-policing-science-sport-olympics-house-would-permit-use-performance/pro/pro04b-counter.txt	false	debate-same-counter	true	true
training/sport/e-health-crime-policing-science-sport-olympics-house-would-permit-use-performance/pro/pro01a-point.txt	training/sport/e-health-crime-policing-science-sport-olympics-house-would-permit-use-performance/pro/pro03b-counter.txt	false	debate-same-counter	true	true
training/sport/e-health-crime-policing-science-sport-olympics-house-would-permit-use-performance/pro/pro04a-point.txt	training/sport/e-health-crime-policing-science-sport-olympics-house-would-permit-use-performance/pro/pro04b-counter.txt	true	true	true	true
training/sport/e-health-crime-policing-science-sport-olympics-house-would-permit-use-performance/pro/pro04a-point.txt	training/sport/e-health-crime-policing-science-sport-olympics-house-would-permit-use-performance/pro/pro02b-counter.txt	false	debate-same-counter	true	true
training/sport/e-health-crime-policing-science-sport-olympics-house-would-permit-use-performance/pro/pro04a-point.txt	training/sport/e-health-crime-policing-science-sport-olympics-house-would-permit-use-performance/pro/pro03b-counter.txt	false	debate-same-counter	true	true
training/sport/e-health-crime-policing-science-sport-olympics-house-would-permit-use-performance/pro/pro04a-point.txt	training/sport/e-health-crime-policing-science-sport-olympics-house-would-permit-use-performance/pro/pro01b-counter.txt	false	debate-same-counter	true	true
training/sport/e-health-crime-policing-science-sport-olympics-house-would-permit-use-performance/con/con02a-point.txt	training/sport/e-health-crime-policing-science-sport-olympics-house-would-permit-use-performance/con/con02b-counter.txt	true	true	true	true
training/sport/e-health-crime-policing-science-sport-olympics-house-would-permit-use-performance/con/con02a-point.txt	training/sport/e-health-crime-policing-science-sport-olympics-house-would-permit-use-performance/con/con01b-counter.txt	false	debate-same-counter	true	true
training/sport/e-health-crime-policing-science-sport-olympics-house-would-permit-use-performance/con/con02a-point.txt	training/sport/e-health-crime-policing-science-sport-olympics-house-would-permit-use-performance/con/con04b-counter.txt	false	debate-same-counter	true	true
training/sport/e-health-crime-policing-science-sport-olympics-house-would-permit-use-performance/con/con02a-point.txt	training/sport/e-health-crime-policing-science-sport-olympics-house-would-permit-use-performance/con/con03b-counter.txt	false	debate-same-counter	true	true
training/sport/e-health-crime-policing-science-sport-olympics-house-would-permit-use-performance/con/con04a-point.txt	training/sport/e-health-crime-policing-science-sport-olympics-house-would-permit-use-performance/con/con04b-counter.txt	true	true	true	true
training/sport/e-health-crime-policing-science-sport-olympics-house-would-permit-use-performance/con/con04a-point.txt	training/sport/e-health-crime-policing-science-sport-olympics-house-would-permit-use-performance/con/con01b-counter.txt	false	debate-same-counter	true	true
training/sport/e-health-crime-policing-science-sport-olympics-house-would-permit-use-performance/con/con04a-point.txt	training/sport/e-health-crime-policing-science-sport-olympics-house-would-permit-use-performance/con/con03b-counter.txt	false	debate-same-counter	true	true
training/sport/e-health-crime-policing-science-sport-olympics-house-would-permit-use-performance/con/con04a-point.txt	training/sport/e-health-crime-policing-science-sport-olympics-house-would-permit-use-performance/con/con02b-counter.txt	false	debate-same-counter	true	true
training/sport/e-health-crime-policing-science-sport-olympics-house-would-permit-use-performance/con/con01a-point.txt	training/sport/e-health-crime-policing-science-sport-olympics-house-would-permit-use-performance/con/con01b-counter.txt	true	true	true	true
training/sport/e-health-crime-policing-science-sport-olympics-house-would-permit-use-performance/con/con01a-point.txt	training/sport/e-health-crime-policing-science-sport-olympics-house-would-permit-use-performance/con/con04b-counter.txt	false	debate-same-counter	true	true
training/sport/e-health-crime-policing-science-sport-olympics-house-would-permit-use-performance/con/con01a-point.txt	training/sport/e-health-crime-policing-science-sport-olympics-house-would-permit-use-performance/con/con03b-counter.txt	false	debate-same-counter	true	true
training/sport/e-health-crime-policing-science-sport-olympics-house-would-permit-use-performance/con/con01a-point.txt	training/sport/e-health-crime-policing-science-sport-olympics-house-would-permit-use-performance/con/con02b-counter.txt	false	debate-same-counter	true	true
training/sport/e-health-crime-policing-science-sport-olympics-house-would-permit-use-performance/con/con03a-point.txt	training/sport/e-health-crime-policing-science-sport-olympics-house-would-permit-use-performance/con/con03b-counter.txt	true	true	true	true
training/sport/e-health-crime-policing-science-sport-olympics-house-would-permit-use-performance/con/con03a-point.txt	training/sport/e-health-crime-policing-science-sport-olympics-house-would-permit-use-performance/con/con01b-counter.txt	false	debate-same-counter	true	true
training/sport/e-health-crime-policing-science-sport-olympics-house-would-permit-use-performance/con/con03a-point.txt	training/sport/e-health-crime-policing-science-sport-olympics-house-would-permit-use-performance/con/con04b-counter.txt	false	debate-same-counter	true	true
training/sport/e-health-crime-policing-science-sport-olympics-house-would-permit-use-performance/con/con03a-point.txt	training/sport/e-health-crime-policing-science-sport-olympics-house-would-permit-use-performance/con/con02b-counter.txt	false	debate-same-counter	true	true
training/sport/e-media-gender-sport-sport-general-house-would-force-media-display-promote-and/pro/pro02a-point.txt	training/sport/e-media-gender-sport-sport-general-house-would-force-media-display-promote-and/pro/pro02b-counter.txt	true	true	true	true
training/sport/e-media-gender-sport-sport-general-house-would-force-media-display-promote-and/pro/pro02a-point.txt	training/sport/e-media-gender-sport-sport-general-house-would-force-media-display-promote-and/pro/pro04b-counter.txt	false	debate-same-counter	true	true
training/sport/e-media-gender-sport-sport-general-house-would-force-media-display-promote-and/pro/pro02a-point.txt	training/sport/e-media-gender-sport-sport-general-house-would-force-media-display-promote-and/pro/pro03b-counter.txt	false	debate-same-counter	true	true
training/sport/e-media-gender-sport-sport-general-house-would-force-media-display-promote-and/pro/pro02a-point.txt	training/sport/e-media-gender-sport-sport-general-house-would-force-media-display-promote-and/pro/pro01b-counter.txt	false	debate-same-counter	true	true
training/sport/e-media-gender-sport-sport-general-house-would-force-media-display-promote-and/pro/pro03a-point.txt	training/sport/e-media-gender-sport-sport-general-house-would-force-media-display-promote-and/pro/pro03b-counter.txt	true	true	true	true
training/sport/e-media-gender-sport-sport-general-house-would-force-media-display-promote-and/pro/pro03a-point.txt	training/sport/e-media-gender-sport-sport-general-house-would-force-media-display-promote-and/pro/pro02b-counter.txt	false	debate-same-counter	true	true
training/sport/e-media-gender-sport-sport-general-house-would-force-media-display-promote-and/pro/pro03a-point.txt	training/sport/e-media-gender-sport-sport-general-house-would-force-media-display-promote-and/pro/pro04b-counter.txt	false	debate-same-counter	true	true
training/sport/e-media-gender-sport-sport-general-house-would-force-media-display-promote-and/pro/pro03a-point.txt	training/sport/e-media-gender-sport-sport-general-house-would-force-media-display-promote-and/pro/pro01b-counter.txt	false	debate-same-counter	true	true
training/sport/e-media-gender-sport-sport-general-house-would-force-media-display-promote-and/pro/pro01a-point.txt	training/sport/e-media-gender-sport-sport-general-house-would-force-media-display-promote-and/pro/pro01b-counter.txt	true	true	true	true
training/sport/e-media-gender-sport-sport-general-house-would-force-media-display-promote-and/pro/pro01a-point.txt	training/sport/e-media-gender-sport-sport-general-house-would-force-media-display-promote-and/pro/pro02b-counter.txt	false	debate-same-counter	true	true
training/sport/e-media-gender-sport-sport-general-house-would-force-media-display-promote-and/pro/pro01a-point.txt	training/sport/e-media-gender-sport-sport-general-house-would-force-media-display-promote-and/pro/pro04b-counter.txt	false	debate-same-counter	true	true
training/sport/e-media-gender-sport-sport-general-house-would-force-media-display-promote-and/pro/pro01a-point.txt	training/sport/e-media-gender-sport-sport-general-house-would-force-media-display-promote-and/pro/pro03b-counter.txt	false	debate-same-counter	true	true
training/sport/e-media-gender-sport-sport-general-house-would-force-media-display-promote-and/pro/pro04a-point.txt	training/sport/e-media-gender-sport-sport-general-house-would-force-media-display-promote-and/pro/pro04b-counter.txt	true	true	true	true
training/sport/e-media-gender-sport-sport-general-house-would-force-media-display-promote-and/pro/pro04a-point.txt	training/sport/e-media-gender-sport-sport-general-house-would-force-media-display-promote-and/pro/pro02b-counter.txt	false	debate-same-counter	true	true
training/sport/e-media-gender-sport-sport-general-house-would-force-media-display-promote-and/pro/pro04a-point.txt	training/sport/e-media-gender-sport-sport-general-house-would-force-media-display-promote-and/pro/pro03b-counter.txt	false	debate-same-counter	true	true
training/sport/e-media-gender-sport-sport-general-house-would-force-media-display-promote-and/pro/pro04a-point.txt	training/sport/e-media-gender-sport-sport-general-house-would-force-media-display-promote-and/pro/pro01b-counter.txt	false	debate-same-counter	true	true
training/sport/e-media-gender-sport-sport-general-house-would-force-media-display-promote-and/con/con02a-point.txt	training/sport/e-media-gender-sport-sport-general-house-would-force-media-display-promote-and/con/con02b-counter.txt	true	true	true	true
training/sport/e-media-gender-sport-sport-general-house-would-force-media-display-promote-and/con/con02a-point.txt	training/sport/e-media-gender-sport-sport-general-house-would-force-media-display-promote-and/con/con01b-counter.txt	false	debate-same-counter	true	true
training/sport/e-media-gender-sport-sport-general-house-would-force-media-display-promote-and/con/con02a-point.txt	training/sport/e-media-gender-sport-sport-general-house-would-force-media-display-promote-and/con/con03b-counter.txt	false	debate-same-counter	true	true
training/sport/e-media-gender-sport-sport-general-house-would-force-media-display-promote-and/con/con01a-point.txt	training/sport/e-media-gender-sport-sport-general-house-would-force-media-display-promote-and/con/con01b-counter.txt	true	true	true	true
training/sport/e-media-gender-sport-sport-general-house-would-force-media-display-promote-and/con/con01a-point.txt	training/sport/e-media-gender-sport-sport-general-house-would-force-media-display-promote-and/con/con03b-counter.txt	false	debate-same-counter	true	true
training/sport/e-media-gender-sport-sport-general-house-would-force-media-display-promote-and/con/con01a-point.txt	training/sport/e-media-gender-sport-sport-general-house-would-force-media-display-promote-and/con/con02b-counter.txt	false	debate-same-counter	true	true
training/sport/e-media-gender-sport-sport-general-house-would-force-media-display-promote-and/con/con03a-point.txt	training/sport/e-media-gender-sport-sport-general-house-would-force-media-display-promote-and/con/con03b-counter.txt	true	true	true	true
training/sport/e-media-gender-sport-sport-general-house-would-force-media-display-promote-and/con/con03a-point.txt	training/sport/e-media-gender-sport-sport-general-house-would-force-media-display-promote-and/con/con01b-counter.txt	false	debate-same-counter	true	true
training/sport/e-media-gender-sport-sport-general-house-would-force-media-display-promote-and/con/con03a-point.txt	training/sport/e-media-gender-sport-sport-general-house-would-force-media-display-promote-and/con/con02b-counter.txt	false	debate-same-counter	true	true
training/sport/nment-animals-sport-sport-general-house-believes-all-nations-should-ban/pro/pro02a-point.txt	training/sport/nment-animals-sport-sport-general-house-believes-all-nations-should-ban/pro/pro02b-counter.txt	true	true	true	true
training/sport/nment-animals-sport-sport-general-house-believes-all-nations-should-ban/pro/pro02a-point.txt	training/sport/nment-animals-sport-sport-general-house-believes-all-nations-should-ban/pro/pro03b-counter.txt	false	debate-same-counter	true	true
training/sport/nment-animals-sport-sport-general-house-believes-all-nations-should-ban/pro/pro02a-point.txt	training/sport/nment-animals-sport-sport-general-house-believes-all-nations-should-ban/pro/pro01b-counter.txt	false	debate-same-counter	true	true
training/sport/nment-animals-sport-sport-general-house-believes-all-nations-should-ban/pro/pro03a-point.txt	training/sport/nment-animals-sport-sport-general-house-believes-all-nations-should-ban/pro/pro03b-counter.txt	true	true	true	true
training/sport/nment-animals-sport-sport-general-house-believes-all-nations-should-ban/pro/pro03a-point.txt	training/sport/nment-animals-sport-sport-general-house-believes-all-nations-should-ban/pro/pro02b-counter.txt	false	debate-same-counter	true	true
training/sport/nment-animals-sport-sport-general-house-believes-all-nations-should-ban/pro/pro03a-point.txt	training/sport/nment-animals-sport-sport-general-house-believes-all-nations-should-ban/pro/pro01b-counter.txt	false	debate-same-counter	true	true
training/sport/nment-animals-sport-sport-general-house-believes-all-nations-should-ban/pro/pro01a-point.txt	training/sport/nment-animals-sport-sport-general-house-believes-all-nations-should-ban/pro/pro01b-counter.txt	true	true	true	true
training/sport/nment-animals-sport-sport-general-house-believes-all-nations-should-ban/pro/pro01a-point.txt	training/sport/nment-animals-sport-sport-general-house-believes-all-nations-should-ban/pro/pro02b-counter.txt	false	debate-same-counter	true	true
training/sport/nment-animals-sport-sport-general-house-believes-all-nations-should-ban/pro/pro01a-point.txt	training/sport/nment-animals-sport-sport-general-house-believes-all-nations-should-ban/pro/pro03b-counter.txt	false	debate-same-counter	true	true
training/sport/nment-animals-sport-sport-general-house-believes-all-nations-should-ban/con/con02a-point.txt	training/sport/nment-animals-sport-sport-general-house-believes-all-nations-should-ban/con/con02b-counter.txt	true	true	true	true
training/sport/nment-animals-sport-sport-general-house-believes-all-nations-should-ban/con/con02a-point.txt	training/sport/nment-animals-sport-sport-general-house-believes-all-nations-should-ban/con/con01b-counter.txt	false	debate-same-counter	true	true
training/sport/nment-animals-sport-sport-general-house-believes-all-nations-should-ban/con/con02a-point.txt	training/sport/nment-animals-sport-sport-general-house-believes-all-nations-should-ban/con/con03b-counter.txt	false	debate-same-counter	true	true
training/sport/nment-animals-sport-sport-general-house-believes-all-nations-should-ban/con/con01a-point.txt	training/sport/nment-animals-sport-sport-general-house-believes-all-nations-should-ban/con/con01b-counter.txt	true	true	true	true
training/sport/nment-animals-sport-sport-general-house-believes-all-nations-should-ban/con/con01a-point.txt	training/sport/nment-animals-sport-sport-general-house-believes-all-nations-should-ban/con/con03b-counter.txt	false	debate-same-counter	true	true
training/sport/nment-animals-sport-sport-general-house-believes-all-nations-should-ban/con/con01a-point.txt	training/sport/nment-animals-sport-sport-general-house-believes-all-nations-should-ban/con/con02b-counter.txt	false	debate-same-counter	true	true
training/sport/nment-animals-sport-sport-general-house-believes-all-nations-should-ban/con/con03a-point.txt	training/sport/nment-animals-sport-sport-general-house-believes-all-nations-should-ban/con/con03b-counter.txt	true	true	true	true
training/sport/nment-animals-sport-sport-general-house-believes-all-nations-should-ban/con/con03a-point.txt	training/sport/nment-animals-sport-sport-general-house-believes-all-nations-should-ban/con/con01b-counter.txt	false	debate-same-counter	true	true
training/sport/nment-animals-sport-sport-general-house-believes-all-nations-should-ban/con/con03a-point.txt	training/sport/nment-animals-sport-sport-general-house-believes-all-nations-should-ban/con/con02b-counter.txt	false	debate-same-counter	true	true
training/sport/leadership-sport-general-team-sports-house-would-require-professional-sportsmen/pro/pro02a-point.txt	training/sport/leadership-sport-general-team-sports-house-would-require-professional-sportsmen/pro/pro02b-counter.txt	true	true	true	true
training/sport/leadership-sport-general-team-sports-house-would-require-professional-sportsmen/pro/pro02a-point.txt	training/sport/leadership-sport-general-team-sports-house-would-require-professional-sportsmen/pro/pro03b-counter.txt	false	debate-same-counter	true	true
training/sport/leadership-sport-general-team-sports-house-would-require-professional-sportsmen/pro/pro02a-point.txt	training/sport/leadership-sport-general-team-sports-house-would-require-professional-sportsmen/pro/pro01b-counter.txt	false	debate-same-counter	true	true
training/sport/leadership-sport-general-team-sports-house-would-require-professional-sportsmen/pro/pro03a-point.txt	training/sport/leadership-sport-general-team-sports-house-would-require-professional-sportsmen/pro/pro03b-counter.txt	true	true	true	true
training/sport/leadership-sport-general-team-sports-house-would-require-professional-sportsmen/pro/pro03a-point.txt	training/sport/leadership-sport-general-team-sports-house-would-require-professional-sportsmen/pro/pro02b-counter.txt	false	debate-same-counter	true	true
training/sport/leadership-sport-general-team-sports-house-would-require-professional-sportsmen/pro/pro03a-point.txt	training/sport/leadership-sport-general-team-sports-house-would-require-professional-sportsmen/pro/pro01b-counter.txt	false	debate-same-counter	true	true
training/sport/leadership-sport-general-team-sports-house-would-require-professional-sportsmen/pro/pro01a-point.txt	training/sport/leadership-sport-general-team-sports-house-would-require-professional-sportsmen/pro/pro01b-counter.txt	true	true	true	true
training/sport/leadership-sport-general-team-sports-house-would-require-professional-sportsmen/pro/pro01a-point.txt	training/sport/leadership-sport-general-team-sports-house-would-require-professional-sportsmen/pro/pro02b-counter.txt	false	debate-same-counter	true	true
training/sport/leadership-sport-general-team-sports-house-would-require-professional-sportsmen/pro/pro01a-point.txt	training/sport/leadership-sport-general-team-sports-house-would-require-professional-sportsmen/pro/pro03b-counter.txt	false	debate-same-counter	true	true
training/sport/leadership-sport-general-team-sports-house-would-require-professional-sportsmen/con/con02a-point.txt	training/sport/leadership-sport-general-team-sports-house-would-require-professional-sportsmen/con/con02b-counter.txt	true	true	true	true
training/sport/leadership-sport-general-team-sports-house-would-require-professional-sportsmen/con/con02a-point.txt	training/sport/leadership-sport-general-team-sports-house-would-require-professional-sportsmen/con/con01b-counter.txt	false	debate-same-counter	true	true
training/sport/leadership-sport-general-team-sports-house-would-require-professional-sportsmen/con/con02a-point.txt	training/sport/leadership-sport-general-team-sports-house-would-require-professional-sportsmen/con/con03b-counter.txt	false	debate-same-counter	true	true
training/sport/leadership-sport-general-team-sports-house-would-require-professional-sportsmen/con/con01a-point.txt	training/sport/leadership-sport-general-team-sports-house-would-require-professional-sportsmen/con/con01b-counter.txt	true	true	true	true
training/sport/leadership-sport-general-team-sports-house-would-require-professional-sportsmen/con/con01a-point.txt	training/sport/leadership-sport-general-team-sports-house-would-require-professional-sportsmen/con/con03b-counter.txt	false	debate-same-counter	true	true
training/sport/leadership-sport-general-team-sports-house-would-require-professional-sportsmen/con/con01a-point.txt	training/sport/leadership-sport-general-team-sports-house-would-require-professional-sportsmen/con/con02b-counter.txt	false	debate-same-counter	true	true
training/sport/leadership-sport-general-team-sports-house-would-require-professional-sportsmen/con/con03a-point.txt	training/sport/leadership-sport-general-team-sports-house-would-require-professional-sportsmen/con/con03b-counter.txt	true	true	true	true
training/sport/leadership-sport-general-team-sports-house-would-require-professional-sportsmen/con/con03a-point.txt	training/sport/leadership-sport-general-team-sports-house-would-require-professional-sportsmen/con/con01b-counter.txt	false	debate-same-counter	true	true
training/sport/leadership-sport-general-team-sports-house-would-require-professional-sportsmen/con/con03a-point.txt	training/sport/leadership-sport-general-team-sports-house-would-require-professional-sportsmen/con/con02b-counter.txt	false	debate-same-counter	true	true
training/sport/motorsport-olympics-sport-general-team-sports-house-would-allow-women-compete-same/pro/pro02a-point.txt	training/sport/motorsport-olympics-sport-general-team-sports-house-would-allow-women-compete-same/pro/pro02b-counter.txt	true	true	true	true
training/sport/motorsport-olympics-sport-general-team-sports-house-would-allow-women-compete-same/pro/pro02a-point.txt	training/sport/motorsport-olympics-sport-general-team-sports-house-would-allow-women-compete-same/pro/pro03b-counter.txt	false	debate-same-counter	true	true
training/sport/motorsport-olympics-sport-general-team-sports-house-would-allow-women-compete-same/pro/pro02a-point.txt	training/sport/motorsport-olympics-sport-general-team-sports-house-would-allow-women-compete-same/pro/pro01b-counter.txt	false	debate-same-counter	true	true
training/sport/motorsport-olympics-sport-general-team-sports-house-would-allow-women-compete-same/pro/pro03a-point.txt	training/sport/motorsport-olympics-sport-general-team-sports-house-would-allow-women-compete-same/pro/pro03b-counter.txt	true	true	true	true
training/sport/motorsport-olympics-sport-general-team-sports-house-would-allow-women-compete-same/pro/pro03a-point.txt	training/sport/motorsport-olympics-sport-general-team-sports-house-would-allow-women-compete-same/pro/pro02b-counter.txt	false	debate-same-counter	true	true
training/sport/motorsport-olympics-sport-general-team-sports-house-would-allow-women-compete-same/pro/pro03a-point.txt	training/sport/motorsport-olympics-sport-general-team-sports-house-would-allow-women-compete-same/pro/pro01b-counter.txt	false	debate-same-counter	true	true
training/sport/motorsport-olympics-sport-general-team-sports-house-would-allow-women-compete-same/pro/pro01a-point.txt	training/sport/motorsport-olympics-sport-general-team-sports-house-would-allow-women-compete-same/pro/pro01b-counter.txt	true	true	true	true
training/sport/motorsport-olympics-sport-general-team-sports-house-would-allow-women-compete-same/pro/pro01a-point.txt	training/sport/motorsport-olympics-sport-general-team-sports-house-would-allow-women-compete-same/pro/pro02b-counter.txt	false	debate-same-counter	true	true
training/sport/motorsport-olympics-sport-general-team-sports-house-would-allow-women-compete-same/pro/pro01a-point.txt	training/sport/motorsport-olympics-sport-general-team-sports-house-would-allow-women-compete-same/pro/pro03b-counter.txt	false	debate-same-counter	true	true
training/sport/motorsport-olympics-sport-general-team-sports-house-would-allow-women-compete-same/con/con02a-point.txt	training/sport/motorsport-olympics-sport-general-team-sports-house-would-allow-women-compete-same/con/con02b-counter.txt	true	true	true	true
training/sport/motorsport-olympics-sport-general-team-sports-house-would-allow-women-compete-same/con/con02a-point.txt	training/sport/motorsport-olympics-sport-general-team-sports-house-would-allow-women-compete-same/con/con01b-counter.txt	false	debate-same-counter	true	true
training/sport/motorsport-olympics-sport-general-team-sports-house-would-allow-women-compete-same/con/con02a-point.txt	training/sport/motorsport-olympics-sport-general-team-sports-house-would-allow-women-compete-same/con/con04b-counter.txt	false	debate-same-counter	true	true
training/sport/motorsport-olympics-sport-general-team-sports-house-would-allow-women-compete-same/con/con02a-point.txt	training/sport/motorsport-olympics-sport-general-team-sports-house-would-allow-women-compete-same/con/con03b-counter.txt	false	debate-same-counter	true	true
training/sport/motorsport-olympics-sport-general-team-sports-house-would-allow-women-compete-same/con/con04a-point.txt	training/sport/motorsport-olympics-sport-general-team-sports-house-would-allow-women-compete-same/con/con04b-counter.txt	true	true	true	true
training/sport/motorsport-olympics-sport-general-team-sports-house-would-allow-women-compete-same/con/con04a-point.txt	training/sport/motorsport-olympics-sport-general-team-sports-house-would-allow-women-compete-same/con/con01b-counter.txt	false	debate-same-counter	true	true
training/sport/motorsport-olympics-sport-general-team-sports-house-would-allow-women-compete-same/con/con04a-point.txt	training/sport/motorsport-olympics-sport-general-team-sports-house-would-allow-women-compete-same/con/con03b-counter.txt	false	debate-same-counter	true	true
training/sport/motorsport-olympics-sport-general-team-sports-house-would-allow-women-compete-same/con/con04a-point.txt	training/sport/motorsport-olympics-sport-general-team-sports-house-would-allow-women-compete-same/con/con02b-counter.txt	false	debate-same-counter	true	true
training/sport/motorsport-olympics-sport-general-team-sports-house-would-allow-women-compete-same/con/con01a-point.txt	training/sport/motorsport-olympics-sport-general-team-sports-house-would-allow-women-compete-same/con/con01b-counter.txt	true	true	true	true
training/sport/motorsport-olympics-sport-general-team-sports-house-would-allow-women-compete-same/con/con01a-point.txt	training/sport/motorsport-olympics-sport-general-team-sports-house-would-allow-women-compete-same/con/con04b-counter.txt	false	debate-same-counter	true	true
training/sport/motorsport-olympics-sport-general-team-sports-house-would-allow-women-compete-same/con/con01a-point.txt	training/sport/motorsport-olympics-sport-general-team-sports-house-would-allow-women-compete-same/con/con03b-counter.txt	false	debate-same-counter	true	true
training/sport/motorsport-olympics-sport-general-team-sports-house-would-allow-women-compete-same/con/con01a-point.txt	training/sport/motorsport-olympics-sport-general-team-sports-house-would-allow-women-compete-same/con/con02b-counter.txt	false	debate-same-counter	true	true
training/sport/motorsport-olympics-sport-general-team-sports-house-would-allow-women-compete-same/con/con03a-point.txt	training/sport/motorsport-olympics-sport-general-team-sports-house-would-allow-women-compete-same/con/con03b-counter.txt	true	true	true	true
training/sport/motorsport-olympics-sport-general-team-sports-house-would-allow-women-compete-same/con/con03a-point.txt	training/sport/motorsport-olympics-sport-general-team-sports-house-would-allow-women-compete-same/con/con01b-counter.txt	false	debate-same-counter	true	true
training/sport/motorsport-olympics-sport-general-team-sports-house-would-allow-women-compete-same/con/con03a-point.txt	training/sport/motorsport-olympics-sport-general-team-sports-house-would-allow-women-compete-same/con/con04b-counter.txt	false	debate-same-counter	true	true
training/sport/motorsport-olympics-sport-general-team-sports-house-would-allow-women-compete-same/con/con03a-point.txt	training/sport/motorsport-olympics-sport-general-team-sports-house-would-allow-women-compete-same/con/con02b-counter.txt	false	debate-same-counter	true	true
training/sport/olympics-house-would-introduce-chess-olympics/pro/pro02a-point.txt	training/sport/olympics-house-would-introduce-chess-olympics/pro/pro02b-counter.txt	true	true	true	true
training/sport/olympics-house-would-introduce-chess-olympics/pro/pro02a-point.txt	training/sport/olympics-house-would-introduce-chess-olympics/pro/pro04b-counter.txt	false	debate-same-counter	true	true
training/sport/olympics-house-would-introduce-chess-olympics/pro/pro02a-point.txt	training/sport/olympics-house-would-introduce-chess-olympics/pro/pro03b-counter.txt	false	debate-same-counter	true	true
training/sport/olympics-house-would-introduce-chess-olympics/pro/pro02a-point.txt	training/sport/olympics-house-would-introduce-chess-olympics/pro/pro01b-counter.txt	false	debate-same-counter	true	true
training/sport/olympics-house-would-introduce-chess-olympics/pro/pro03a-point.txt	training/sport/olympics-house-would-introduce-chess-olympics/pro/pro03b-counter.txt	true	true	true	true
training/sport/olympics-house-would-introduce-chess-olympics/pro/pro03a-point.txt	training/sport/olympics-house-would-introduce-chess-olympics/pro/pro02b-counter.txt	false	debate-same-counter	true	true
training/sport/olympics-house-would-introduce-chess-olympics/pro/pro03a-point.txt	training/sport/olympics-house-would-introduce-chess-olympics/pro/pro04b-counter.txt	false	debate-same-counter	true	true
training/sport/olympics-house-would-introduce-chess-olympics/pro/pro03a-point.txt	training/sport/olympics-house-would-introduce-chess-olympics/pro/pro01b-counter.txt	false	debate-same-counter	true	true
training/sport/olympics-house-would-introduce-chess-olympics/pro/pro01a-point.txt	training/sport/olympics-house-would-introduce-chess-olympics/pro/pro01b-counter.txt	true	true	true	true
training/sport/olympics-house-would-introduce-chess-olympics/pro/pro01a-point.txt	training/sport/olympics-house-would-introduce-chess-olympics/pro/pro02b-counter.txt	false	debate-same-counter	true	true
training/sport/olympics-house-would-introduce-chess-olympics/pro/pro01a-point.txt	training/sport/olympics-house-would-introduce-chess-olympics/pro/pro04b-counter.txt	false	debate-same-counter	true	true
training/sport/olympics-house-would-introduce-chess-olympics/pro/pro01a-point.txt	training/sport/olympics-house-would-introduce-chess-olympics/pro/pro03b-counter.txt	false	debate-same-counter	true	true
training/sport/olympics-house-would-introduce-chess-olympics/pro/pro04a-point.txt	training/sport/olympics-house-would-introduce-chess-olympics/pro/pro04b-counter.txt	true	true	true	true
training/sport/olympics-house-would-introduce-chess-olympics/pro/pro04a-point.txt	training/sport/olympics-house-would-introduce-chess-olympics/pro/pro02b-counter.txt	false	debate-same-counter	true	true
training/sport/olympics-house-would-introduce-chess-olympics/pro/pro04a-point.txt	training/sport/olympics-house-would-introduce-chess-olympics/pro/pro03b-counter.txt	false	debate-same-counter	true	true
training/sport/olympics-house-would-introduce-chess-olympics/pro/pro04a-point.txt	training/sport/olympics-house-would-introduce-chess-olympics/pro/pro01b-counter.txt	false	debate-same-counter	true	true
training/sport/olympics-house-would-introduce-chess-olympics/con/con02a-point.txt	training/sport/olympics-house-would-introduce-chess-olympics/con/con02b-counter.txt	true	true	true	true
training/sport/olympics-house-would-introduce-chess-olympics/con/con02a-point.txt	training/sport/olympics-house-would-introduce-chess-olympics/con/con01b-counter.txt	false	debate-same-counter	true	true
training/sport/olympics-house-would-introduce-chess-olympics/con/con02a-point.txt	training/sport/olympics-house-would-introduce-chess-olympics/con/con04b-counter.txt	false	debate-same-counter	true	true
training/sport/olympics-house-would-introduce-chess-olympics/con/con02a-point.txt	training/sport/olympics-house-would-introduce-chess-olympics/con/con03b-counter.txt	false	debate-same-counter	true	true
training/sport/olympics-house-would-introduce-chess-olympics/con/con04a-point.txt	training/sport/olympics-house-would-introduce-chess-olympics/con/con04b-counter.txt	true	true	true	true
training/sport/olympics-house-would-introduce-chess-olympics/con/con04a-point.txt	training/sport/olympics-house-would-introduce-chess-olympics/con/con01b-counter.txt	false	debate-same-counter	true	true
training/sport/olympics-house-would-introduce-chess-olympics/con/con04a-point.txt	training/sport/olympics-house-would-introduce-chess-olympics/con/con03b-counter.txt	false	debate-same-counter	true	true
training/sport/olympics-house-would-introduce-chess-olympics/con/con04a-point.txt	training/sport/olympics-house-would-introduce-chess-olympics/con/con02b-counter.txt	false	debate-same-counter	true	true
training/sport/olympics-house-would-introduce-chess-olympics/con/con01a-point.txt	training/sport/olympics-house-would-introduce-chess-olympics/con/con01b-counter.txt	true	true	true	true
training/sport/olympics-house-would-introduce-chess-olympics/con/con01a-point.txt	training/sport/olympics-house-would-introduce-chess-olympics/con/con04b-counter.txt	false	debate-same-counter	true	true
training/sport/olympics-house-would-introduce-chess-olympics/con/con01a-point.txt	training/sport/olympics-house-would-introduce-chess-olympics/con/con03b-counter.txt	false	debate-same-counter	true	true
training/sport/olympics-house-would-introduce-chess-olympics/con/con01a-point.txt	training/sport/olympics-house-would-introduce-chess-olympics/con/con02b-counter.txt	false	debate-same-counter	true	true
training/sport/olympics-house-would-introduce-chess-olympics/con/con03a-point.txt	training/sport/olympics-house-would-introduce-chess-olympics/con/con03b-counter.txt	true	true	true	true
training/sport/olympics-house-would-introduce-chess-olympics/con/con03a-point.txt	training/sport/olympics-house-would-introduce-chess-olympics/con/con01b-counter.txt	false	debate-same-counter	true	true
training/sport/olympics-house-would-introduce-chess-olympics/con/con03a-point.txt	training/sport/olympics-house-would-introduce-chess-olympics/con/con04b-counter.txt	false	debate-same-counter	true	true
training/sport/olympics-house-would-introduce-chess-olympics/con/con03a-point.txt	training/sport/olympics-house-would-introduce-chess-olympics/con/con02b-counter.txt	false	debate-same-counter	true	true
training/sport/team-sports-house-would-introduce-restrictions-overseas-players-football/pro/pro02a-point.txt	training/sport/team-sports-house-would-introduce-restrictions-overseas-players-football/pro/pro02b-counter.txt	true	true	true	true
training/sport/team-sports-house-would-introduce-restrictions-overseas-players-football/pro/pro02a-point.txt	training/sport/team-sports-house-would-introduce-restrictions-overseas-players-football/pro/pro05b-counter.txt	false	debate-same-counter	true	true
training/sport/team-sports-house-would-introduce-restrictions-overseas-players-football/pro/pro02a-point.txt	training/sport/team-sports-house-would-introduce-restrictions-overseas-players-football/pro/pro04b-counter.txt	false	debate-same-counter	true	true
training/sport/team-sports-house-would-introduce-restrictions-overseas-players-football/pro/pro02a-point.txt	training/sport/team-sports-house-would-introduce-restrictions-overseas-players-football/pro/pro03b-counter.txt	false	debate-same-counter	true	true
training/sport/team-sports-house-would-introduce-restrictions-overseas-players-football/pro/pro02a-point.txt	training/sport/team-sports-house-would-introduce-restrictions-overseas-players-football/pro/pro01b-counter.txt	false	debate-same-counter	true	true
training/sport/team-sports-house-would-introduce-restrictions-overseas-players-football/pro/pro05a-point.txt	training/sport/team-sports-house-would-introduce-restrictions-overseas-players-football/pro/pro05b-counter.txt	true	true	true	true
training/sport/team-sports-house-would-introduce-restrictions-overseas-players-football/pro/pro05a-point.txt	training/sport/team-sports-house-would-introduce-restrictions-overseas-players-football/pro/pro02b-counter.txt	false	debate-same-counter	true	true
training/sport/team-sports-house-would-introduce-restrictions-overseas-players-football/pro/pro05a-point.txt	training/sport/team-sports-house-would-introduce-restrictions-overseas-players-football/pro/pro04b-counter.txt	false	debate-same-counter	true	true
training/sport/team-sports-house-would-introduce-restrictions-overseas-players-football/pro/pro05a-point.txt	training/sport/team-sports-house-would-introduce-restrictions-overseas-players-football/pro/pro03b-counter.txt	false	debate-same-counter	true	true
training/sport/team-sports-house-would-introduce-restrictions-overseas-players-football/pro/pro05a-point.txt	training/sport/team-sports-house-would-introduce-restrictions-overseas-players-football/pro/pro01b-counter.txt	false	debate-same-counter	true	true
training/sport/team-sports-house-would-introduce-restrictions-overseas-players-football/pro/pro03a-point.txt	training/sport/team-sports-house-would-introduce-restrictions-overseas-players-football/pro/pro03b-counter.txt	true	true	true	true
training/sport/team-sports-house-would-introduce-restrictions-overseas-players-football/pro/pro03a-point.txt	training/sport/team-sports-house-would-introduce-restrictions-overseas-players-football/pro/pro02b-counter.txt	false	debate-same-counter	true	true
training/sport/team-sports-house-would-introduce-restrictions-overseas-players-football/pro/pro03a-point.txt	training/sport/team-sports-house-would-introduce-restrictions-overseas-players-football/pro/pro05b-counter.txt	false	debate-same-counter	true	true
training/sport/team-sports-house-would-introduce-restrictions-overseas-players-football/pro/pro03a-point.txt	training/sport/team-sports-house-would-introduce-restrictions-overseas-players-football/pro/pro04b-counter.txt	false	debate-same-counter	true	true
training/sport/team-sports-house-would-introduce-restrictions-overseas-players-football/pro/pro03a-point.txt	training/sport/team-sports-house-would-introduce-restrictions-overseas-players-football/pro/pro01b-counter.txt	false	debate-same-counter	true	true
training/sport/team-sports-house-would-introduce-restrictions-overseas-players-football/pro/pro01a-point.txt	training/sport/team-sports-house-would-introduce-restrictions-overseas-players-football/pro/pro01b-counter.txt	true	true	true	true
training/sport/team-sports-house-would-introduce-restrictions-overseas-players-football/pro/pro01a-point.txt	training/sport/team-sports-house-would-introduce-restrictions-overseas-players-football/pro/pro02b-counter.txt	false	debate-same-counter	true	true
training/sport/team-sports-house-would-introduce-restrictions-overseas-players-football/pro/pro01a-point.txt	training/sport/team-sports-house-would-introduce-restrictions-overseas-players-football/pro/pro05b-counter.txt	false	debate-same-counter	true	true
training/sport/team-sports-house-would-introduce-restrictions-overseas-players-football/pro/pro01a-point.txt	training/sport/team-sports-house-would-introduce-restrictions-overseas-players-football/pro/pro04b-counter.txt	false	debate-same-counter	true	true
training/sport/team-sports-house-would-introduce-restrictions-overseas-players-football/pro/pro01a-point.txt	training/sport/team-sports-house-would-introduce-restrictions-overseas-players-football/pro/pro03b-counter.txt	false	debate-same-counter	true	true
training/sport/team-sports-house-would-introduce-restrictions-overseas-players-football/pro/pro04a-point.txt	training/sport/team-sports-house-would-introduce-restrictions-overseas-players-football/pro/pro04b-counter.txt	true	true	true	true
training/sport/team-sports-house-would-introduce-restrictions-overseas-players-football/pro/pro04a-point.txt	training/sport/team-sports-house-would-introduce-restrictions-overseas-players-football/pro/pro02b-counter.txt	false	debate-same-counter	true	true
training/sport/team-sports-house-would-introduce-restrictions-overseas-players-football/pro/pro04a-point.txt	training/sport/team-sports-house-would-introduce-restrictions-overseas-players-football/pro/pro05b-counter.txt	false	debate-same-counter	true	true
training/sport/team-sports-house-would-introduce-restrictions-overseas-players-football/pro/pro04a-point.txt	training/sport/team-sports-house-would-introduce-restrictions-overseas-players-football/pro/pro03b-counter.txt	false	debate-same-counter	true	true
training/sport/team-sports-house-would-introduce-restrictions-overseas-players-football/pro/pro04a-point.txt	training/sport/team-sports-house-would-introduce-restrictions-overseas-players-football/pro/pro01b-counter.txt	false	debate-same-counter	true	true
training/sport/team-sports-house-would-introduce-restrictions-overseas-players-football/con/con02a-point.txt	training/sport/team-sports-house-would-introduce-restrictions-overseas-players-football/con/con02b-counter.txt	true	true	true	true
training/sport/team-sports-house-would-introduce-restrictions-overseas-players-football/con/con02a-point.txt	training/sport/team-sports-house-would-introduce-restrictions-overseas-players-football/con/con01b-counter.txt	false	debate-same-counter	true	true
training/sport/team-sports-house-would-introduce-restrictions-overseas-players-football/con/con02a-point.txt	training/sport/team-sports-house-would-introduce-restrictions-overseas-players-football/con/con03b-counter.txt	false	debate-same-counter	true	true
training/sport/team-sports-house-would-introduce-restrictions-overseas-players-football/con/con01a-point.txt	training/sport/team-sports-house-would-introduce-restrictions-overseas-players-football/con/con01b-counter.txt	true	true	true	true
training/sport/team-sports-house-would-introduce-restrictions-overseas-players-football/con/con01a-point.txt	training/sport/team-sports-house-would-introduce-restrictions-overseas-players-football/con/con03b-counter.txt	false	debate-same-counter	true	true
training/sport/team-sports-house-would-introduce-restrictions-overseas-players-football/con/con01a-point.txt	training/sport/team-sports-house-would-introduce-restrictions-overseas-players-football/con/con02b-counter.txt	false	debate-same-counter	true	true
training/sport/team-sports-house-would-introduce-restrictions-overseas-players-football/con/con03a-point.txt	training/sport/team-sports-house-would-introduce-restrictions-overseas-players-football/con/con03b-counter.txt	true	true	true	true
training/sport/team-sports-house-would-introduce-restrictions-overseas-players-football/con/con03a-point.txt	training/sport/team-sports-house-would-introduce-restrictions-overseas-players-football/con/con01b-counter.txt	false	debate-same-counter	true	true
training/sport/team-sports-house-would-introduce-restrictions-overseas-players-football/con/con03a-point.txt	training/sport/team-sports-house-would-introduce-restrictions-overseas-players-football/con/con02b-counter.txt	false	debate-same-counter	true	true
